{
  "playlists": [
    {
      "name": "robben ford",
      "lastModifiedDate": "2019-02-27",
      "tracks": [
        {
          "trackName": "Talk to Your Daughter",
          "artistName": "Robben Ford",
          "note": null
        },
        {
          "trackName": "On That Morning",
          "artistName": "Robben Ford",
          "note": null
        },
        {
          "trackName": "Pride and Joy",
          "artistName": "Stevie Ray Vaughan",
          "note": null
        },
        {
          "trackName": "The Thrill Is Gone",
          "artistName": "B.B. King",
          "note": null
        },
        {
          "trackName": "Be Careful With a Fool",
          "artistName": "Johnny Winter",
          "note": null
        },
        {
          "trackName": "Born Under A Bad Sign",
          "artistName": "Albert King",
          "note": null
        },
        {
          "trackName": "Start It Up",
          "artistName": "Robben Ford & The Blue Line",
          "note": null
        },
        {
          "trackName": "Blues Deluxe",
          "artistName": "Joe Bonamassa",
          "note": null
        },
        {
          "trackName": "Talk to Your Daughter",
          "artistName": "Robben Ford",
          "note": null
        },
        {
          "trackName": "Somebody's Fool",
          "artistName": "Robben Ford",
          "note": null
        },
        {
          "trackName": "Matinee Idol",
          "artistName": "Yellowjackets",
          "note": null
        },
        {
          "trackName": "Imperial Strut",
          "artistName": "Yellowjackets",
          "note": null
        },
        {
          "trackName": "Sittin' in It",
          "artistName": "Yellowjackets",
          "note": null
        },
        {
          "trackName": "Rush Hour",
          "artistName": "Yellowjackets",
          "note": null
        },
        {
          "trackName": "The Hornet",
          "artistName": "Yellowjackets",
          "note": null
        },
        {
          "trackName": "Priscilla",
          "artistName": "Yellowjackets",
          "note": null
        },
        {
          "trackName": "It's Almost Gone",
          "artistName": "Yellowjackets",
          "note": null
        }
      ],
      "description": null,
      "numberOfFollowers": 0
    },
    {
      "name": "larry carlton",
      "lastModifiedDate": "2019-02-27",
      "tracks": [
        {
          "trackName": "Room 335",
          "artistName": "Larry Carlton",
          "note": null
        },
        {
          "trackName": "Morning Dance",
          "artistName": "Spyro Gyra",
          "note": null
        },
        {
          "trackName": "Breezin' - Remastered",
          "artistName": "George Benson",
          "note": null
        },
        {
          "trackName": "Maputo",
          "artistName": "Bob James",
          "note": null
        },
        {
          "trackName": "Matinee Idol",
          "artistName": "Yellowjackets",
          "note": null
        },
        {
          "trackName": "Promenade",
          "artistName": "Peter White",
          "note": null
        },
        {
          "trackName": "Mildred's Attraction",
          "artistName": "Joyce Cooling",
          "note": null
        },
        {
          "trackName": "That's The Way Love Goes",
          "artistName": "Norman Brown",
          "note": null
        },
        {
          "trackName": "Room 335",
          "artistName": "Larry Carlton",
          "note": null
        },
        {
          "trackName": "Sleepwalk",
          "artistName": "Larry Carlton",
          "note": null
        },
        {
          "trackName": "All In Good Time",
          "artistName": "Larry Carlton",
          "note": null
        },
        {
          "trackName": "Room 335",
          "artistName": "Larry Carlton",
          "note": null
        },
        {
          "trackName": "Smiles and Smiles To Go",
          "artistName": "Larry Carlton",
          "note": null
        },
        {
          "trackName": "Hello Tomorrow",
          "artistName": "Larry Carlton",
          "note": null
        },
        {
          "trackName": "High Steppin'",
          "artistName": "Larry Carlton",
          "note": null
        },
        {
          "trackName": "Kid Gloves",
          "artistName": "Larry Carlton",
          "note": null
        },
        {
          "trackName": "RCM",
          "artistName": "Larry Carlton",
          "note": null
        },
        {
          "trackName": "Red Hot Poker",
          "artistName": "Larry Carlton",
          "note": null
        },
        {
          "trackName": "Terry T.",
          "artistName": "Larry Carlton",
          "note": null
        }
      ],
      "description": null,
      "numberOfFollowers": 0
    },
    {
      "name": "nb",
      "lastModifiedDate": "2019-02-27",
      "tracks": [
        {
          "trackName": "Juicy",
          "artistName": "The Notorious B.I.G.",
          "note": null
        },
        {
          "trackName": "Hypnotize - 2014 Remastered Version",
          "artistName": "The Notorious B.I.G.",
          "note": null
        },
        {
          "trackName": "Mo Money Mo Problems (feat. Mase & Puff Daddy) - 2014 Remastered Version",
          "artistName": "The Notorious B.I.G.",
          "note": null
        },
        {
          "trackName": "Old Thing Back (feat. Ja Rule and Ralph Tresvant)",
          "artistName": "Matoma",
          "note": null
        },
        {
          "trackName": "Big Poppa",
          "artistName": "The Notorious B.I.G.",
          "note": null
        },
        {
          "trackName": "Ambitionz Az A Ridah",
          "artistName": "2Pac",
          "note": null
        },
        {
          "trackName": "Flava In Ya Ear Remix - feat. Notorious B.I.G., L.L. Cool J, Busta Rhymes, Rampage",
          "artistName": "Craig Mack",
          "note": null
        },
        {
          "trackName": "Feel so Good",
          "artistName": "Mase",
          "note": null
        },
        {
          "trackName": "Still D.R.E.",
          "artistName": "Dr. Dre",
          "note": null
        },
        {
          "trackName": "Regulate",
          "artistName": "Warren G",
          "note": null
        },
        {
          "trackName": "I'll Be Missing You (feat. Faith Evans & 112)",
          "artistName": "Diddy",
          "note": null
        },
        {
          "trackName": "If I Ruled the World (Imagine That)",
          "artistName": "Nas",
          "note": null
        },
        {
          "trackName": "Always On Time",
          "artistName": "Ja Rule",
          "note": null
        },
        {
          "trackName": "No Diggity",
          "artistName": "Blackstreet",
          "note": null
        },
        {
          "trackName": "Who Am I (What's My Name)?",
          "artistName": "Snoop Dogg",
          "note": null
        },
        {
          "trackName": "Who Shot Ya",
          "artistName": "The Notorious B.I.G.",
          "note": null
        },
        {
          "trackName": "Shook Ones, Pt. II",
          "artistName": "Mobb Deep",
          "note": null
        },
        {
          "trackName": "I Got 5 On It",
          "artistName": "Luniz",
          "note": null
        },
        {
          "trackName": "Forgot About Dre",
          "artistName": "Dr. Dre",
          "note": null
        },
        {
          "trackName": "Check Yo Self - Remix",
          "artistName": "Ice Cube",
          "note": null
        },
        {
          "trackName": "Real Muthaphuckkin' G's",
          "artistName": "Eazy-E",
          "note": null
        },
        {
          "trackName": "I Get Around",
          "artistName": "2Pac",
          "note": null
        },
        {
          "trackName": "N.Y. State of Mind",
          "artistName": "Nas",
          "note": null
        },
        {
          "trackName": "Gangsta's Paradise",
          "artistName": "Coolio",
          "note": null
        }
      ],
      "description": null,
      "numberOfFollowers": 0
    },
    {
      "name": "jazz",
      "lastModifiedDate": "2019-02-25",
      "tracks": [
        {
          "trackName": "In A Sentimental Mood",
          "artistName": "Duke Ellington",
          "note": null
        },
        {
          "trackName": "Goodbye Pork Pie Hat",
          "artistName": "Charles Mingus",
          "note": null
        },
        {
          "trackName": "Autumn Leaves",
          "artistName": "Paul Desmond",
          "note": null
        }
      ],
      "description": null,
      "numberOfFollowers": 0
    }
  ]
}