[
  {
    "endTime" : "2019-02-25 22:49",
    "artistName" : "Duke Ellington",
    "trackName" : "In A Sentimental Mood",
    "msPlayed" : 2283
  },
  {
    "endTime" : "2019-02-25 23:18",
    "artistName" : "Art Blakey & The Jazz Messengers",
    "trackName" : "Moanin'",
    "msPlayed" : 2892
  },
  {
    "endTime" : "2019-02-26 16:17",
    "artistName" : "The Notorious B.I.G.",
    "trackName" : "Juicy",
    "msPlayed" : 302408
  },
  {
    "endTime" : "2019-02-26 16:21",
    "artistName" : "The Notorious B.I.G.",
    "trackName" : "Hypnotize - 2014 Remastered Version",
    "msPlayed" : 229646
  },
  {
    "endTime" : "2019-02-26 16:24",
    "artistName" : "The Notorious B.I.G.",
    "trackName" : "Mo Money Mo Problems (feat. Mase & Puff Daddy) - 2014 Remastered Version",
    "msPlayed" : 217408
  },
  {
    "endTime" : "2019-02-26 16:40",
    "artistName" : "The Notorious B.I.G.",
    "trackName" : "Juicy",
    "msPlayed" : 144264
  },
  {
    "endTime" : "2019-02-26 17:02",
    "artistName" : "The Notorious B.I.G.",
    "trackName" : "Juicy",
    "msPlayed" : 1298
  },
  {
    "endTime" : "2019-02-27 06:38",
    "artistName" : "Yellowjackets",
    "trackName" : "Matinee Idol",
    "msPlayed" : 24414
  },
  {
    "endTime" : "2019-02-27 06:42",
    "artistName" : "Larry Carlton",
    "trackName" : "Room 335",
    "msPlayed" : 22910
  },
  {
    "endTime" : "2019-03-01 11:52",
    "artistName" : "Robben Ford",
    "trackName" : "Softly Rolling",
    "msPlayed" : 15412
  },
  {
    "endTime" : "2019-03-01 11:53",
    "artistName" : "Robben Ford",
    "trackName" : "Stella and Frenchie",
    "msPlayed" : 34710
  },
  {
    "endTime" : "2019-03-01 11:53",
    "artistName" : "Robben Ford",
    "trackName" : "Ladies' Choice",
    "msPlayed" : 11203
  },
  {
    "endTime" : "2019-03-01 11:53",
    "artistName" : "Robben Ford",
    "trackName" : "S-K Blues - Live at the Ash Grove, 1976",
    "msPlayed" : 10987
  },
  {
    "endTime" : "2019-03-01 11:53",
    "artistName" : "Robben Ford",
    "trackName" : "Hawk's Theme",
    "msPlayed" : 8244
  },
  {
    "endTime" : "2019-03-01 11:54",
    "artistName" : "Robben Ford",
    "trackName" : "Everyday I Have the Blues - Live",
    "msPlayed" : 9215
  },
  {
    "endTime" : "2019-03-01 11:54",
    "artistName" : "Robben Ford",
    "trackName" : "You Don't Know What Love Is - Live",
    "msPlayed" : 9094
  },
  {
    "endTime" : "2019-03-01 11:56",
    "artistName" : "Robben Ford",
    "trackName" : "Oh Gee - Live",
    "msPlayed" : 128537
  },
  {
    "endTime" : "2019-03-01 11:56",
    "artistName" : "Robben Ford",
    "trackName" : "You Drive a Hard Bargain - Live",
    "msPlayed" : 25161
  },
  {
    "endTime" : "2019-03-01 11:57",
    "artistName" : "Robben Ford",
    "trackName" : "Blue & Lonesome - Live",
    "msPlayed" : 24019
  },
  {
    "endTime" : "2019-03-01 11:57",
    "artistName" : "Robben Ford",
    "trackName" : "The Inside Story",
    "msPlayed" : 5419
  },
  {
    "endTime" : "2019-03-01 11:57",
    "artistName" : "Robben Ford",
    "trackName" : "Far Away",
    "msPlayed" : 14414
  },
  {
    "endTime" : "2019-03-01 12:02",
    "artistName" : "Robben Ford",
    "trackName" : "North Carolina",
    "msPlayed" : 278664
  },
  {
    "endTime" : "2019-03-01 12:09",
    "artistName" : "Robben Ford",
    "trackName" : "There's No One Else",
    "msPlayed" : 412655
  },
  {
    "endTime" : "2019-03-01 12:14",
    "artistName" : "Robben Ford",
    "trackName" : "The Inside Story",
    "msPlayed" : 329906
  },
  {
    "endTime" : "2019-03-01 12:20",
    "artistName" : "Robben Ford",
    "trackName" : "Need Somebody",
    "msPlayed" : 322427
  },
  {
    "endTime" : "2019-03-01 12:26",
    "artistName" : "Robben Ford",
    "trackName" : "Far Away",
    "msPlayed" : 340656
  },
  {
    "endTime" : "2019-03-01 18:20",
    "artistName" : "Robben Ford",
    "trackName" : "Tee Time For Eric",
    "msPlayed" : 255492
  }
]