{
  "tracks": [
    {
      "artist": "The Notorious B.I.G.",
      "album": "Life After Death (Remastered Edition)",
      "track": "Last Day (feat. The Lox) - 2014 Remastered Version"
    },
    {
      "artist": "The Notorious B.I.G.",
      "album": "Duets: The Final Chapter",
      "track": "Living in Pain (feat. 2Pac, Mary J. Blige and Nas)"
    },
    {
      "artist": "The Notorious B.I.G.",
      "album": "Duets: The Final Chapter",
      "track": "Whatchu Want (feat. Jay-Z and Notorious B.I.G.) (The Commission)"
    },
    {
      "artist": "The Notorious B.I.G.",
      "album": "Ready To Die The Remaster",
      "track": "Suicidal Thoughts"
    },
    {
      "artist": "Faith Evans",
      "album": "The King & I",
      "track": "Take Me There (feat. Sheek Louch & Styles P)"
    },
    {
      "artist": "The Notorious B.I.G.",
      "album": "Ready To Die The Remaster",
      "track": "Things Done Changed"
    },
    {
      "artist": "The Notorious B.I.G.",
      "album": "Life After Death (Remastered Edition)",
      "track": "Nasty Boy - 2014 Remastered Version"
    },
    {
      "artist": "The Notorious B.I.G.",
      "album": "Life After Death (Remastered Edition)",
      "track": "Life After Death (Intro) - 2014 Remastered Version"
    },
    {
      "artist": "The Notorious B.I.G.",
      "album": "Ready To Die The Remaster",
      "track": "Everyday Struggle"
    },
    {
      "artist": "The Notorious B.I.G.",
      "album": "Born Again",
      "track": "Dangerous MC's (feat. Mark Curry, Snoop Dogg & Busta Rhymes)"
    },
    {
      "artist": "The Notorious B.I.G.",
      "album": "Life After Death (Remastered Edition)",
      "track": "I Got A Story To Tell - 2014 Remastered Version"
    },
    {
      "artist": "The Notorious B.I.G.",
      "album": "Ready To Die The Remaster",
      "track": "Gimme The Loot"
    },
    {
      "artist": "The Notorious B.I.G.",
      "album": "Duets: The Final Chapter",
      "track": "Nasty Girl (feat. Diddy, Nelly, Jagged Edge & Avery Storm)"
    },
    {
      "artist": "The Notorious B.I.G.",
      "album": "Duets: The Final Chapter",
      "track": "Hustler's Story (feat. Scarface, Akon and Big Gee)"
    },
    {
      "artist": "The Notorious B.I.G.",
      "album": "Duets: The Final Chapter",
      "track": "The Greatest Rapper (Interlude)"
    },
    {
      "artist": "The Notorious B.I.G.",
      "album": "Ready To Die The Remaster",
      "track": "Friend Of Mine"
    },
    {
      "artist": "Faith Evans",
      "album": "The King & I",
      "track": "It Was Worth It"
    },
    {
      "artist": "The Notorious B.I.G.",
      "album": "Ready To Die The Remaster",
      "track": "Respect"
    },
    {
      "artist": "The Notorious B.I.G.",
      "album": "Life After Death (Remastered Edition)",
      "track": "B.I.G. (Interlude) - 2014 Remastered Version"
    },
    {
      "artist": "Faith Evans",
      "album": "The King & I",
      "track": "Ten Wife Commandments"
    },
    {
      "artist": "Faith Evans",
      "album": "The King & I",
      "track": "NYC (feat. Jadakiss)"
    },
    {
      "artist": "The Notorious B.I.G.",
      "album": "Life After Death (Remastered Edition)",
      "track": "What's Beef - 2014 Remastered Version"
    },
    {
      "artist": "The Notorious B.I.G.",
      "album": "Ready To Die The Remaster",
      "track": "Who Shot Ya"
    },
    {
      "artist": "The Notorious B.I.G.",
      "album": "Ready To Die The Remaster",
      "track": "Big Poppa"
    },
    {
      "artist": "The Notorious B.I.G.",
      "album": "Life After Death (Remastered Edition)",
      "track": "Somebody's Gotta Die - 2014 Remastered Version"
    },
    {
      "artist": "The Notorious B.I.G.",
      "album": "Duets: The Final Chapter",
      "track": "I'm with Whateva (feat. Lil' Wayne, Juelz Santana and Jim Jones)"
    },
    {
      "artist": "The Notorious B.I.G.",
      "album": "Duets: The Final Chapter",
      "track": "It Has Been Said (feat. Diddy, Eminem and Obie Trice)"
    },
    {
      "artist": "The Notorious B.I.G.",
      "album": "Duets: The Final Chapter",
      "track": "Hold Ya Head (feat. Bob Marley)"
    },
    {
      "artist": "The Notorious B.I.G.",
      "album": "Born Again",
      "track": "Come On (feat. Sadat X)"
    },
    {
      "artist": "The Notorious B.I.G.",
      "album": "Born Again",
      "track": "Notorious B.I.G. (feat. Lil' Kim & Puff Daddy)"
    },
    {
      "artist": "The Notorious B.I.G.",
      "album": "Duets: The Final Chapter",
      "track": "Just a Memory"
    },
    {
      "artist": "The Notorious B.I.G.",
      "album": "Born Again",
      "track": "Tonight (feat. Mobb Deep & Joe Hooker)"
    },
    {
      "artist": "Faith Evans",
      "album": "The King & I",
      "track": "Big / Faye (Interlude) [feat. Jamal Woolard]"
    },
    {
      "artist": "The Notorious B.I.G.",
      "album": "Ready To Die The Remaster",
      "track": "One More Chance"
    },
    {
      "artist": "Faith Evans",
      "album": "The King & I",
      "track": "When We Party (feat. Snoop Dogg)"
    },
    {
      "artist": "The Notorious B.I.G.",
      "album": "Duets: The Final Chapter",
      "track": "Spit Your Game (feat. Twista and Bone Thugs-N-Harmony)"
    },
    {
      "artist": "The Notorious B.I.G.",
      "album": "Born Again",
      "track": "Biggie (feat. Junior M.A.F.I.A.)"
    },
    {
      "artist": "The Notorious B.I.G.",
      "album": "Ready To Die The Remaster",
      "track": "Warning"
    },
    {
      "artist": "The Notorious B.I.G.",
      "album": "Ready To Die The Remaster",
      "track": "#!*@ Me - Interlude"
    },
    {
      "artist": "The Notorious B.I.G.",
      "album": "Ready To Die The Remaster",
      "track": "Intro"
    },
    {
      "artist": "Faith Evans",
      "album": "The King & I",
      "track": "Can't Get Enough"
    },
    {
      "artist": "The Notorious B.I.G.",
      "album": "Born Again",
      "track": "Ms. Wallace (Outro)"
    },
    {
      "artist": "The Notorious B.I.G.",
      "album": "Duets: The Final Chapter",
      "track": "My Dad (Interlude)"
    },
    {
      "artist": "Faith Evans",
      "album": "The King & I",
      "track": "I Wish (Interlude) [feat. Kevin McCall & Chyna Tahjere]"
    },
    {
      "artist": "Faith Evans",
      "album": "The King & I",
      "track": "Don't Test Me"
    },
    {
      "artist": "Faith Evans",
      "album": "The King & I",
      "track": "A Little Romance"
    },
    {
      "artist": "The Notorious B.I.G.",
      "album": "Life After Death (Remastered Edition)",
      "track": "Kick In The Door - 2014 Remastered Version"
    },
    {
      "artist": "The Notorious B.I.G.",
      "album": "Life After Death (Remastered Edition)",
      "track": "Going Back To Cali - 2014 Remastered Version"
    },
    {
      "artist": "The Notorious B.I.G.",
      "album": "Born Again",
      "track": "I Really Want To Show You (feat. K-CI & Jo-Jo & Nas)"
    },
    {
      "artist": "The Notorious B.I.G.",
      "album": "Born Again",
      "track": "Would You Die For Me (feat. Lil' Kim & Puff Daddy)"
    },
    {
      "artist": "Faith Evans",
      "album": "The King & I",
      "track": "Lovin' You For Life (feat. Lil' Kim)"
    },
    {
      "artist": "Faith Evans",
      "album": "The King & I",
      "track": "The Reason"
    },
    {
      "artist": "Larry Carlton",
      "album": "Greatest Hits Re-Recorded Volume One",
      "track": "Room 335"
    },
    {
      "artist": "The Notorious B.I.G.",
      "album": "Born Again",
      "track": "Big Booty Hoes (feat. Too $hort)"
    },
    {
      "artist": "The Notorious B.I.G.",
      "album": "Ready To Die The Remaster",
      "track": "Just Playing (Dreams)"
    },
    {
      "artist": "The Notorious B.I.G.",
      "album": "Life After Death (Remastered Edition)",
      "track": "Long Kiss Goodnight - 2014 Remastered Version"
    },
    {
      "artist": "The Notorious B.I.G.",
      "album": "Life After Death (Remastered Edition)",
      "track": "The World Is Filled... (feat. Too Short & Puff Daddy) - 2014 Remastered Version"
    },
    {
      "artist": "The Notorious B.I.G.",
      "album": "Life After Death (Remastered Edition)",
      "track": "Ten Crack Commandments - 2014 Remastered Version"
    },
    {
      "artist": "Faith Evans",
      "album": "The King & I",
      "track": "The Baddest (Interlude)"
    },
    {
      "artist": "The Notorious B.I.G.",
      "album": "Born Again",
      "track": "Rap Phenomenon (feat. Redman & Method Man)"
    },
    {
      "artist": "The Notorious B.I.G.",
      "album": "Born Again",
      "track": "Born Again (Intro)"
    },
    {
      "artist": "The Notorious B.I.G.",
      "album": "Born Again",
      "track": "If I Should Die Before I Wake (feat. Black Rob, Ice Cube, & Beanie Sigel)"
    },
    {
      "artist": "The Notorious B.I.G.",
      "album": "Ready To Die The Remaster",
      "track": "Unbelievable"
    },
    {
      "artist": "Faith Evans",
      "album": "The King & I",
      "track": "I Don't Want It (feat. Lil' Cease)"
    },
    {
      "artist": "The Notorious B.I.G.",
      "album": "Life After Death (Remastered Edition)",
      "track": "#!*@ You Tonight (feat. R. Kelly) - 2014 Remastered Version"
    },
    {
      "artist": "The Notorious B.I.G.",
      "album": "Born Again",
      "track": "Niggas"
    },
    {
      "artist": "The Notorious B.I.G.",
      "album": "Duets: The Final Chapter",
      "track": "Ultimate Rush (feat. Missy Elliott)"
    },
    {
      "artist": "The Notorious B.I.G.",
      "album": "Duets: The Final Chapter",
      "track": "Beef (feat. Mobb Deep)"
    },
    {
      "artist": "The Notorious B.I.G.",
      "album": "Born Again",
      "track": "Let Me Get Down (feat. G-Dep, Craig Mack & Missy \"Misdemeanor\" Elliott)"
    },
    {
      "artist": "The Notorious B.I.G.",
      "album": "Duets: The Final Chapter",
      "track": "Living the Life (feat. Snoop Dogg, Ludacris, Faith Evans, Cheri Dennis and Bobby V)"
    },
    {
      "artist": "Faith Evans",
      "album": "The King & I",
      "track": "We Just Clicked (Interlude) [feat. Mama Wallace]"
    },
    {
      "artist": "The Notorious B.I.G.",
      "album": "Born Again",
      "track": "Dead Wrong (feat. Eminem)"
    },
    {
      "artist": "The Notorious B.I.G.",
      "album": "Life After Death (Remastered Edition)",
      "track": "Notorious Thugs - 2014 Remastered Version"
    },
    {
      "artist": "The Notorious B.I.G.",
      "album": "Life After Death (Remastered Edition)",
      "track": "Miss U - 2014 Remastered Version"
    },
    {
      "artist": "Faith Evans",
      "album": "The King & I",
      "track": "Fool For You"
    },
    {
      "artist": "The Notorious B.I.G.",
      "album": "Born Again",
      "track": "Can I Get Witcha (feat. Lil' Cease)"
    },
    {
      "artist": "Faith Evans",
      "album": "The King & I",
      "track": "Somebody Knows (feat. Busta Rhymes)"
    },
    {
      "artist": "The Notorious B.I.G.",
      "album": "Duets: The Final Chapter",
      "track": "Little Homie (Interlude)"
    },
    {
      "artist": "The Notorious B.I.G.",
      "album": "Duets: The Final Chapter",
      "track": "B.I.G. Live in Jamaica (Intro)"
    },
    {
      "artist": "The Notorious B.I.G.",
      "album": "Life After Death (Remastered Edition)",
      "track": "Hypnotize - 2014 Remastered Version"
    },
    {
      "artist": "The Notorious B.I.G.",
      "album": "Ready To Die The Remaster",
      "track": "Ready To Die"
    },
    {
      "artist": "The Notorious B.I.G.",
      "album": "Life After Death (Remastered Edition)",
      "track": "My Downfall (feat. DMC) - 2014 Remastered Version"
    },
    {
      "artist": "The Notorious B.I.G.",
      "album": "Ready To Die The Remaster",
      "track": "Juicy"
    },
    {
      "artist": "Faith Evans",
      "album": "The King & I",
      "track": "Legacy"
    },
    {
      "artist": "Faith Evans",
      "album": "The King & I",
      "track": "A Billion"
    },
    {
      "artist": "The Notorious B.I.G.",
      "album": "Born Again",
      "track": "Who Shot Ya"
    },
    {
      "artist": "The Notorious B.I.G.",
      "album": "Life After Death (Remastered Edition)",
      "track": "I Love The Dough (feat. Jay-Z & Angela Winbush)"
    },
    {
      "artist": "The Notorious B.I.G.",
      "album": "Duets: The Final Chapter",
      "track": "1970 Somethin' (feat. The Game and Faith Evans)"
    },
    {
      "artist": "The Notorious B.I.G.",
      "album": "Duets: The Final Chapter",
      "track": "Mi Casa (feat. R. Kelly and Charlie Wilson)"
    },
    {
      "artist": "The Notorious B.I.G.",
      "album": "Ready To Die The Remaster",
      "track": "Me And My B*tch"
    },
    {
      "artist": "The Notorious B.I.G.",
      "album": "Life After Death (Remastered Edition)",
      "track": "You're Nobody (Til Somebody Kills You) - 2014 Remastered Version"
    },
    {
      "artist": "The Notorious B.I.G.",
      "album": "Duets: The Final Chapter",
      "track": "Breakin' Old Habits (feat. T.I. And Slim Thug)"
    },
    {
      "artist": "Faith Evans",
      "album": "The King & I",
      "track": "Crazy (Interlude) [feat. 112 & Mama Wallace]"
    },
    {
      "artist": "Faith Evans",
      "album": "The King & I",
      "track": "One In The Same"
    },
    {
      "artist": "Faith Evans",
      "album": "The King & I",
      "track": "I Got Married (Interlude) [feat. Mama Wallace]"
    },
    {
      "artist": "The Notorious B.I.G.",
      "album": "Duets: The Final Chapter",
      "track": "Love Is Everlasting (Outro)"
    },
    {
      "artist": "The Notorious B.I.G.",
      "album": "Life After Death (Remastered Edition)",
      "track": "Sky's The Limit (feat. 112) - 2014 Remastered Version"
    },
    {
      "artist": "Faith Evans",
      "album": "The King & I",
      "track": "Got Me Twisted"
    },
    {
      "artist": "The Notorious B.I.G.",
      "album": "Life After Death (Remastered Edition)",
      "track": "Playa Hater - 2014 Remastered Version"
    },
    {
      "artist": "Faith Evans",
      "album": "The King & I",
      "track": "Beautiful - Interlude"
    },
    {
      "artist": "Faith Evans",
      "album": "The King & I",
      "track": "Tryna Get By"
    },
    {
      "artist": "The Notorious B.I.G.",
      "album": "Life After Death (Remastered Edition)",
      "track": "Another (feat. Lil' Kim) - 2014 Remastered Version"
    },
    {
      "artist": "The Notorious B.I.G.",
      "album": "Life After Death (Remastered Edition)",
      "track": "Mo Money Mo Problems (feat. Mase & Puff Daddy) - 2014 Remastered Version"
    },
    {
      "artist": "The Notorious B.I.G.",
      "album": "Duets: The Final Chapter",
      "track": "Get Your Grind On (feat. Big Pun, Fat Joe and Freeway)"
    },
    {
      "artist": "Yellowjackets",
      "album": "Yellowjackets",
      "track": "Matinee Idol"
    },
    {
      "artist": "The Notorious B.I.G.",
      "album": "Life After Death (Remastered Edition)",
      "track": "Niggas Bleed - 2014 Remastered Version"
    },
    {
      "artist": "The Notorious B.I.G.",
      "album": "Duets: The Final Chapter",
      "track": "Wake Up (feat. Korn)"
    },
    {
      "artist": "The Notorious B.I.G.",
      "album": "Born Again",
      "track": "Hope You Niggas Sleep (feat. Hot Boys & Big Tmer)"
    },
    {
      "artist": "The Notorious B.I.G.",
      "album": "Ready To Die The Remaster",
      "track": "Machine Gun Funk"
    }
  ],
  "albums": [
    {
      "artist": "The Notorious B.I.G.",
      "album": "Life After Death (Remastered Edition)"
    },
    {
      "artist": "The Notorious B.I.G.",
      "album": "Duets: The Final Chapter"
    },
    {
      "artist": "The Notorious B.I.G.",
      "album": "Duets: The Final Chapter"
    },
    {
      "artist": "The Notorious B.I.G.",
      "album": "Ready To Die The Remaster"
    },
    {
      "artist": "Faith Evans",
      "album": "The King & I"
    },
    {
      "artist": "The Notorious B.I.G.",
      "album": "Ready To Die The Remaster"
    },
    {
      "artist": "The Notorious B.I.G.",
      "album": "Life After Death (Remastered Edition)"
    },
    {
      "artist": "The Notorious B.I.G.",
      "album": "Life After Death (Remastered Edition)"
    },
    {
      "artist": "The Notorious B.I.G.",
      "album": "Ready To Die The Remaster"
    },
    {
      "artist": "The Notorious B.I.G.",
      "album": "Born Again"
    },
    {
      "artist": "The Notorious B.I.G.",
      "album": "Life After Death (Remastered Edition)"
    },
    {
      "artist": "The Notorious B.I.G.",
      "album": "Ready To Die The Remaster"
    },
    {
      "artist": "The Notorious B.I.G.",
      "album": "Duets: The Final Chapter"
    },
    {
      "artist": "The Notorious B.I.G.",
      "album": "Duets: The Final Chapter"
    },
    {
      "artist": "The Notorious B.I.G.",
      "album": "Duets: The Final Chapter"
    },
    {
      "artist": "The Notorious B.I.G.",
      "album": "Ready To Die The Remaster"
    },
    {
      "artist": "Faith Evans",
      "album": "The King & I"
    },
    {
      "artist": "The Notorious B.I.G.",
      "album": "Born Again"
    },
    {
      "artist": "The Notorious B.I.G.",
      "album": "Ready To Die The Remaster"
    },
    {
      "artist": "The Notorious B.I.G.",
      "album": "Life After Death (Remastered Edition)"
    },
    {
      "artist": "Faith Evans",
      "album": "The King & I"
    },
    {
      "artist": "Faith Evans",
      "album": "The King & I"
    },
    {
      "artist": "The Notorious B.I.G.",
      "album": "Life After Death (Remastered Edition)"
    },
    {
      "artist": "The Notorious B.I.G.",
      "album": "Ready To Die The Remaster"
    },
    {
      "artist": "The Notorious B.I.G.",
      "album": "Born Again"
    },
    {
      "artist": "The Notorious B.I.G.",
      "album": "Ready To Die The Remaster"
    },
    {
      "artist": "The Notorious B.I.G.",
      "album": "Born Again"
    },
    {
      "artist": "The Notorious B.I.G.",
      "album": "Life After Death (Remastered Edition)"
    },
    {
      "artist": "The Notorious B.I.G.",
      "album": "Duets: The Final Chapter"
    },
    {
      "artist": "The Notorious B.I.G.",
      "album": "Duets: The Final Chapter"
    },
    {
      "artist": "The Notorious B.I.G.",
      "album": "Duets: The Final Chapter"
    },
    {
      "artist": "The Notorious B.I.G.",
      "album": "Duets: The Final Chapter"
    },
    {
      "artist": "The Notorious B.I.G.",
      "album": "Duets: The Final Chapter"
    },
    {
      "artist": "The Notorious B.I.G.",
      "album": "Duets: The Final Chapter"
    },
    {
      "artist": "The Notorious B.I.G.",
      "album": "Duets: The Final Chapter"
    },
    {
      "artist": "The Notorious B.I.G.",
      "album": "Duets: The Final Chapter"
    },
    {
      "artist": "The Notorious B.I.G.",
      "album": "Duets: The Final Chapter"
    },
    {
      "artist": "The Notorious B.I.G.",
      "album": "Born Again"
    },
    {
      "artist": "The Notorious B.I.G.",
      "album": "Born Again"
    },
    {
      "artist": "The Notorious B.I.G.",
      "album": "Duets: The Final Chapter"
    },
    {
      "artist": "The Notorious B.I.G.",
      "album": "Born Again"
    },
    {
      "artist": "Faith Evans",
      "album": "The King & I"
    },
    {
      "artist": "The Notorious B.I.G.",
      "album": "Ready To Die The Remaster"
    },
    {
      "artist": "Faith Evans",
      "album": "The King & I"
    },
    {
      "artist": "The Notorious B.I.G.",
      "album": "Duets: The Final Chapter"
    },
    {
      "artist": "The Notorious B.I.G.",
      "album": "Born Again"
    },
    {
      "artist": "The Notorious B.I.G.",
      "album": "Duets: The Final Chapter"
    },
    {
      "artist": "The Notorious B.I.G.",
      "album": "Duets: The Final Chapter"
    },
    {
      "artist": "The Notorious B.I.G.",
      "album": "Duets: The Final Chapter"
    },
    {
      "artist": "The Notorious B.I.G.",
      "album": "Born Again"
    },
    {
      "artist": "The Notorious B.I.G.",
      "album": "Ready To Die The Remaster"
    },
    {
      "artist": "The Notorious B.I.G.",
      "album": "Ready To Die The Remaster"
    },
    {
      "artist": "The Notorious B.I.G.",
      "album": "Ready To Die The Remaster"
    },
    {
      "artist": "Faith Evans",
      "album": "The King & I"
    },
    {
      "artist": "The Notorious B.I.G.",
      "album": "Born Again"
    },
    {
      "artist": "The Notorious B.I.G.",
      "album": "Duets: The Final Chapter"
    },
    {
      "artist": "Faith Evans",
      "album": "The King & I"
    },
    {
      "artist": "Faith Evans",
      "album": "The King & I"
    },
    {
      "artist": "Faith Evans",
      "album": "The King & I"
    },
    {
      "artist": "The Notorious B.I.G.",
      "album": "Duets: The Final Chapter"
    },
    {
      "artist": "The Notorious B.I.G.",
      "album": "Duets: The Final Chapter"
    },
    {
      "artist": "The Notorious B.I.G.",
      "album": "Duets: The Final Chapter"
    },
    {
      "artist": "The Notorious B.I.G.",
      "album": "Duets: The Final Chapter"
    },
    {
      "artist": "The Notorious B.I.G.",
      "album": "Duets: The Final Chapter"
    },
    {
      "artist": "The Notorious B.I.G.",
      "album": "Duets: The Final Chapter"
    },
    {
      "artist": "The Notorious B.I.G.",
      "album": "Born Again"
    },
    {
      "artist": "The Notorious B.I.G.",
      "album": "Born Again"
    },
    {
      "artist": "The Notorious B.I.G.",
      "album": "Duets: The Final Chapter"
    },
    {
      "artist": "The Notorious B.I.G.",
      "album": "Duets: The Final Chapter"
    },
    {
      "artist": "The Notorious B.I.G.",
      "album": "Duets: The Final Chapter"
    },
    {
      "artist": "The Notorious B.I.G.",
      "album": "Born Again"
    },
    {
      "artist": "The Notorious B.I.G.",
      "album": "Life After Death (Remastered Edition)"
    },
    {
      "artist": "The Notorious B.I.G.",
      "album": "Life After Death (Remastered Edition)"
    },
    {
      "artist": "The Notorious B.I.G.",
      "album": "Born Again"
    },
    {
      "artist": "The Notorious B.I.G.",
      "album": "Born Again"
    },
    {
      "artist": "Faith Evans",
      "album": "The King & I"
    },
    {
      "artist": "Faith Evans",
      "album": "The King & I"
    },
    {
      "artist": "The Notorious B.I.G.",
      "album": "Born Again"
    },
    {
      "artist": "The Notorious B.I.G.",
      "album": "Ready To Die The Remaster"
    },
    {
      "artist": "The Notorious B.I.G.",
      "album": "Life After Death (Remastered Edition)"
    },
    {
      "artist": "The Notorious B.I.G.",
      "album": "Duets: The Final Chapter"
    },
    {
      "artist": "The Notorious B.I.G.",
      "album": "Duets: The Final Chapter"
    },
    {
      "artist": "The Notorious B.I.G.",
      "album": "Duets: The Final Chapter"
    },
    {
      "artist": "The Notorious B.I.G.",
      "album": "Life After Death (Remastered Edition)"
    },
    {
      "artist": "The Notorious B.I.G.",
      "album": "Born Again"
    },
    {
      "artist": "The Notorious B.I.G.",
      "album": "Duets: The Final Chapter"
    },
    {
      "artist": "The Notorious B.I.G.",
      "album": "Duets: The Final Chapter"
    },
    {
      "artist": "The Notorious B.I.G.",
      "album": "Duets: The Final Chapter"
    },
    {
      "artist": "The Notorious B.I.G.",
      "album": "Duets: The Final Chapter"
    },
    {
      "artist": "The Notorious B.I.G.",
      "album": "Duets: The Final Chapter"
    },
    {
      "artist": "The Notorious B.I.G.",
      "album": "Duets: The Final Chapter"
    },
    {
      "artist": "The Notorious B.I.G.",
      "album": "Life After Death (Remastered Edition)"
    },
    {
      "artist": "Faith Evans",
      "album": "The King & I"
    },
    {
      "artist": "The Notorious B.I.G.",
      "album": "Born Again"
    },
    {
      "artist": "The Notorious B.I.G.",
      "album": "Born Again"
    },
    {
      "artist": "The Notorious B.I.G.",
      "album": "Born Again"
    },
    {
      "artist": "The Notorious B.I.G.",
      "album": "Born Again"
    },
    {
      "artist": "The Notorious B.I.G.",
      "album": "Duets: The Final Chapter"
    },
    {
      "artist": "The Notorious B.I.G.",
      "album": "Duets: The Final Chapter"
    },
    {
      "artist": "The Notorious B.I.G.",
      "album": "Duets: The Final Chapter"
    },
    {
      "artist": "The Notorious B.I.G.",
      "album": "Born Again"
    },
    {
      "artist": "The Notorious B.I.G.",
      "album": "Born Again"
    },
    {
      "artist": "The Notorious B.I.G.",
      "album": "Born Again"
    },
    {
      "artist": "The Notorious B.I.G.",
      "album": "Born Again"
    },
    {
      "artist": "The Notorious B.I.G.",
      "album": "Born Again"
    },
    {
      "artist": "The Notorious B.I.G.",
      "album": "Ready To Die The Remaster"
    },
    {
      "artist": "Faith Evans",
      "album": "The King & I"
    },
    {
      "artist": "The Notorious B.I.G.",
      "album": "Life After Death (Remastered Edition)"
    },
    {
      "artist": "The Notorious B.I.G.",
      "album": "Born Again"
    },
    {
      "artist": "The Notorious B.I.G.",
      "album": "Duets: The Final Chapter"
    },
    {
      "artist": "The Notorious B.I.G.",
      "album": "Duets: The Final Chapter"
    },
    {
      "artist": "The Notorious B.I.G.",
      "album": "Born Again"
    },
    {
      "artist": "The Notorious B.I.G.",
      "album": "Duets: The Final Chapter"
    },
    {
      "artist": "Faith Evans",
      "album": "The King & I"
    },
    {
      "artist": "The Notorious B.I.G.",
      "album": "Born Again"
    },
    {
      "artist": "The Notorious B.I.G.",
      "album": "Duets: The Final Chapter"
    },
    {
      "artist": "The Notorious B.I.G.",
      "album": "Duets: The Final Chapter"
    },
    {
      "artist": "The Notorious B.I.G.",
      "album": "Duets: The Final Chapter"
    },
    {
      "artist": "The Notorious B.I.G.",
      "album": "Duets: The Final Chapter"
    },
    {
      "artist": "The Notorious B.I.G.",
      "album": "Duets: The Final Chapter"
    },
    {
      "artist": "The Notorious B.I.G.",
      "album": "Duets: The Final Chapter"
    },
    {
      "artist": "The Notorious B.I.G.",
      "album": "Duets: The Final Chapter"
    },
    {
      "artist": "The Notorious B.I.G.",
      "album": "Duets: The Final Chapter"
    },
    {
      "artist": "The Notorious B.I.G.",
      "album": "Duets: The Final Chapter"
    },
    {
      "artist": "The Notorious B.I.G.",
      "album": "Duets: The Final Chapter"
    },
    {
      "artist": "The Notorious B.I.G.",
      "album": "Duets: The Final Chapter"
    },
    {
      "artist": "The Notorious B.I.G.",
      "album": "Duets: The Final Chapter"
    },
    {
      "artist": "The Notorious B.I.G.",
      "album": "Born Again"
    },
    {
      "artist": "The Notorious B.I.G.",
      "album": "Duets: The Final Chapter"
    },
    {
      "artist": "The Notorious B.I.G.",
      "album": "Duets: The Final Chapter"
    },
    {
      "artist": "The Notorious B.I.G.",
      "album": "Duets: The Final Chapter"
    },
    {
      "artist": "The Notorious B.I.G.",
      "album": "Life After Death (Remastered Edition)"
    },
    {
      "artist": "The Notorious B.I.G.",
      "album": "Life After Death (Remastered Edition)"
    },
    {
      "artist": "Faith Evans",
      "album": "The King & I"
    },
    {
      "artist": "The Notorious B.I.G.",
      "album": "Born Again"
    },
    {
      "artist": "Faith Evans",
      "album": "The King & I"
    },
    {
      "artist": "The Notorious B.I.G.",
      "album": "Duets: The Final Chapter"
    },
    {
      "artist": "The Notorious B.I.G.",
      "album": "Duets: The Final Chapter"
    },
    {
      "artist": "The Notorious B.I.G.",
      "album": "Life After Death (Remastered Edition)"
    },
    {
      "artist": "The Notorious B.I.G.",
      "album": "Ready To Die The Remaster"
    },
    {
      "artist": "The Notorious B.I.G.",
      "album": "Life After Death (Remastered Edition)"
    },
    {
      "artist": "The Notorious B.I.G.",
      "album": "Ready To Die The Remaster"
    },
    {
      "artist": "Faith Evans",
      "album": "The King & I"
    },
    {
      "artist": "Faith Evans",
      "album": "The King & I"
    },
    {
      "artist": "The Notorious B.I.G.",
      "album": "Born Again"
    },
    {
      "artist": "The Notorious B.I.G.",
      "album": "Life After Death (Remastered Edition)"
    },
    {
      "artist": "The Notorious B.I.G.",
      "album": "Duets: The Final Chapter"
    },
    {
      "artist": "The Notorious B.I.G.",
      "album": "Duets: The Final Chapter"
    },
    {
      "artist": "The Notorious B.I.G.",
      "album": "Duets: The Final Chapter"
    },
    {
      "artist": "The Notorious B.I.G.",
      "album": "Born Again"
    },
    {
      "artist": "The Notorious B.I.G.",
      "album": "Duets: The Final Chapter"
    },
    {
      "artist": "The Notorious B.I.G.",
      "album": "Duets: The Final Chapter"
    },
    {
      "artist": "The Notorious B.I.G.",
      "album": "Duets: The Final Chapter"
    },
    {
      "artist": "The Notorious B.I.G.",
      "album": "Duets: The Final Chapter"
    },
    {
      "artist": "The Notorious B.I.G.",
      "album": "Duets: The Final Chapter"
    },
    {
      "artist": "The Notorious B.I.G.",
      "album": "Ready To Die The Remaster"
    },
    {
      "artist": "The Notorious B.I.G.",
      "album": "Life After Death (Remastered Edition)"
    },
    {
      "artist": "The Notorious B.I.G.",
      "album": "Duets: The Final Chapter"
    },
    {
      "artist": "Faith Evans",
      "album": "The King & I"
    },
    {
      "artist": "Faith Evans",
      "album": "The King & I"
    },
    {
      "artist": "Faith Evans",
      "album": "The King & I"
    },
    {
      "artist": "The Notorious B.I.G.",
      "album": "Duets: The Final Chapter"
    },
    {
      "artist": "The Notorious B.I.G.",
      "album": "Life After Death (Remastered Edition)"
    },
    {
      "artist": "Faith Evans",
      "album": "The King & I"
    },
    {
      "artist": "The Notorious B.I.G.",
      "album": "Life After Death (Remastered Edition)"
    },
    {
      "artist": "Faith Evans",
      "album": "The King & I"
    },
    {
      "artist": "The Notorious B.I.G.",
      "album": "Born Again"
    },
    {
      "artist": "Faith Evans",
      "album": "The King & I"
    },
    {
      "artist": "The Notorious B.I.G.",
      "album": "Life After Death (Remastered Edition)"
    },
    {
      "artist": "The Notorious B.I.G.",
      "album": "Life After Death (Remastered Edition)"
    },
    {
      "artist": "The Notorious B.I.G.",
      "album": "Duets: The Final Chapter"
    },
    {
      "artist": "The Notorious B.I.G.",
      "album": "Duets: The Final Chapter"
    },
    {
      "artist": "The Notorious B.I.G.",
      "album": "Duets: The Final Chapter"
    },
    {
      "artist": "The Notorious B.I.G.",
      "album": "Duets: The Final Chapter"
    },
    {
      "artist": "The Notorious B.I.G.",
      "album": "Duets: The Final Chapter"
    },
    {
      "artist": "The Notorious B.I.G.",
      "album": "Duets: The Final Chapter"
    },
    {
      "artist": "The Notorious B.I.G.",
      "album": "Duets: The Final Chapter"
    },
    {
      "artist": "The Notorious B.I.G.",
      "album": "Born Again"
    },
    {
      "artist": "The Notorious B.I.G.",
      "album": "Duets: The Final Chapter"
    },
    {
      "artist": "The Notorious B.I.G.",
      "album": "Duets: The Final Chapter"
    },
    {
      "artist": "The Notorious B.I.G.",
      "album": "Duets: The Final Chapter"
    },
    {
      "artist": "The Notorious B.I.G.",
      "album": "Duets: The Final Chapter"
    },
    {
      "artist": "The Notorious B.I.G.",
      "album": "Duets: The Final Chapter"
    },
    {
      "artist": "The Notorious B.I.G.",
      "album": "Duets: The Final Chapter"
    },
    {
      "artist": "The Notorious B.I.G.",
      "album": "Life After Death (Remastered Edition)"
    },
    {
      "artist": "The Notorious B.I.G.",
      "album": "Duets: The Final Chapter"
    },
    {
      "artist": "The Notorious B.I.G.",
      "album": "Duets: The Final Chapter"
    },
    {
      "artist": "The Notorious B.I.G.",
      "album": "Duets: The Final Chapter"
    },
    {
      "artist": "The Notorious B.I.G.",
      "album": "Duets: The Final Chapter"
    },
    {
      "artist": "The Notorious B.I.G.",
      "album": "Born Again"
    },
    {
      "artist": "The Notorious B.I.G.",
      "album": "Ready To Die The Remaster"
    }
  ]
}